{
    "esnli": {
        "xsmall": {
            "accuracy": [
                0.9149563096931518,
                0.9260312944523471
            ],
            "percision": [
                0.9143967668209331,
                0.9253186548726836
            ],
            "recall": [
                0.9149581632210014,
                0.9255967293040027
            ],
            "f1": [
                0.9147765468660057,
                0.9256719212336728
            ]
        },
        "small": {
            "accuracy": [
                0.9163787847998375,
                0.9272530989636253
            ],
            "percision": [
                0.9165929250770356,
                0.9271370677981039
            ],
            "recall": [
                0.9169705358568936,
                0.9269216147964868
            ],
            "f1": [
                0.9166971202882813,
                0.9272609875575285
            ]
        },
        "base": {
            "accuracy": [
                0.9267399918715709,
                0.9362959764275554
            ],
            "percision": [
                0.9265404527541892,
                0.9365330644516442
            ],
            "recall": [
                0.9262221276701094,
                0.9366091393714309
            ],
            "f1": [
                0.9264590077887424,
                0.936314588510738
            ]
        },
        "large": {
            "accuracy": [
                0.9269432026010974,
                0.9372078845763057
            ],
            "percision": [
                0.9273240295312539,
                0.937389874690961
            ],
            "recall": [
                0.9272924904886309,
                0.9366651504805671
            ],
            "f1": [
                0.9269194569391197,
                0.9369375610167785
            ]
        }
    },
    "mnli": {
        "xsmall": {
            "accuracy": [
                0.8716225165562914,
                0.8851782985226694
            ],
            "percision": [
                0.8712128192587207,
                0.8839203035549065
            ],
            "recall": [
                0.8713718950201211,
                0.8843534729360737
            ],
            "f1": [
                0.8715675903314424,
                0.8845088206678764
            ]
        },
        "small": {
            "accuracy": [
                0.8712175241976566,
                0.8843606724401426
            ],
            "percision": [
                0.8702324119941247,
                0.8838775887080027
            ],
            "recall": [
                0.8710510477717182,
                0.8838704440719678
            ],
            "f1": [
                0.8705618737324117,
                0.8835693776333372
            ]
        },
        "base": {
            "accuracy": [
                0.8938359653591441,
                0.9054533876719307
            ],
            "percision": [
                0.8943611418646598,
                0.9061795539718595
            ],
            "recall": [
                0.8948810743816746,
                0.9061131612313286
            ],
            "f1": [
                0.8938894536960122,
                0.9058828835902987
            ]
        },
        "large": {
            "accuracy": [
                0.8958736627610799,
                0.9076974019358125
            ],
            "percision": [
                0.8962838158198546,
                0.9073781198363953
            ],
            "recall": [
                0.8965927215157724,
                0.9076673502626321
            ],
            "f1": [
                0.8954184863873397,
                0.9073243014005112
            ]
        }
    },
    "cose": {
        "xsmall": {
            "accuracy": [
                0.30548730548730546,
                0.3570843570843571
            ]
        },
        "small": {
            "accuracy": [
                0.31203931203931207,
                0.3628173628173628
            ]
        },
        "base": {
            "accuracy": [
                0.3316953316953317,
                0.3882063882063882
            ]
        },
        "large": {
            "accuracy": [
                0.35053235053235055,
                0.40294840294840295
            ]
        }
    }
}